player_id,fullName,batSide,pitchHand,strikeZoneTop,strikeZoneBottom
671096,Andrew Abbott,L,L,3.37,1.54
682928,CJ Abrams,L,R,3.48,1.58
650556,Bryan Abreu,R,R,3.411,1.565
547989,José Abreu,R,R,3.42,1.55
677800,Wilyer Abreu,L,L,3.36,1.61
682668,Luisangel Acuña,R,R,3.23,1.54
660670,Ronald Acuña Jr.,R,R,3.56,1.64
592094,Jason Adam,R,R,3.49,1.601
642715,Willy Adames,R,R,3.44,1.69
613534,Austin Adams,R,R,3.49,1.601
677941,Jordyn Adams,R,R,3.39,1.59
656180,Riley Adams,R,R,3.34,1.63
686654,Ty Adcock,R,R,3.371,1.535
666176,Jo Adell,R,R,3.56,1.69
672851,Joan Adon,R,R,3.467,1.589
501303,Ehire Adrianza,S,R,3.2,1.51
687924,Julian Aguiar,L,R,3.49,1.601
605113,Nick Ahmed,R,R,3.67,1.75
669211,Keegan Akin,L,L,3.371,1.535
645277,Ozzie Albies,S,R,3.28,1.55
660896,Jorge Alcala,R,R,3.49,1.601
682634,Kevin Alcántara,R,R,3.656,1.677
691951,Sam Aldegheri,L,L,3.411,1.565
677942,Blaze Alexander,R,R,3.2,1.53
680769,CJ Alexander,L,R,3.549,1.627
518397,Scott Alexander,L,L,3.467,1.589
641302,Tyler Alexander,R,L,3.467,1.589
663465,Kolby Allard,L,L,3.411,1.565
663531,Logan Allen,R,L,3.49,1.601
671106,Logan Allen,R,L,3.371,1.535
669397,Nick Allen,R,R,2.98,1.38
622075,Yency Almonte,R,R,3.575,1.681
624413,Pete Alonso,R,R,3.37,1.61
656186,Dan Altavilla,R,R,3.319,1.513
514888,Jose Altuve,R,R,2.89,1.3
621237,José Alvarado,L,L,3.467,1.589
669137,Armando Alvarez,R,R,3.29,1.56
657193,Eddy Alvarez,L,R,3.15,1.46
682626,Francisco Alvarez,R,R,3.28,1.49
805373,Nacho Alvarez Jr.,R,R,3.17,1.41
670541,Yordan Alvarez,L,R,3.54,1.71
640470,Adbert Alzolay,R,R,3.41,1.61
691182,Adael Amador,S,R,3.371,1.535
676070,Jacob Amaya,R,R,3.12,1.47
665804,Miguel Amaya,R,R,3.4,1.63
605119,Brian Anderson,R,R,3.4,1.55
681982,Grant Anderson,R,R,3.371,1.535
605121,Justin Anderson,L,R,3.49,1.601
623433,Nick Anderson,R,R,3.549,1.627
502624,Chase Anderson,R,R,3.411,1.565
641312,Shaun Anderson,R,R,3.656,1.677
641313,Tim Anderson,R,R,3.54,1.56
542881,Tyler Anderson,L,L,3.56,1.68
677076,Clayton Andrews,L,L,3.104,1.448
542882,Matt Andriese,R,R,3.467,1.589
609280,Miguel Andujar,R,R,3.41,1.64
622088,Tejay Antone,R,R,3.549,1.627
666018,Jonathan Aranda,L,R,3.24,1.49
606115,Orlando Arcia,R,R,3.39,1.61
571448,Nolan Arenado,R,R,3.41,1.72
672356,Gabriel Arias,R,R,3.51,1.6
542888,Shawn Armstrong,R,R,3.467,1.589
668227,Randy Arozarena,R,R,3.24,1.52
650333,Luis Arraez,L,R,3.2,1.51
681293,Spencer Arrighetti,R,R,3.467,1.589
676879,Aaron Ashby,R,L,3.411,1.565
668933,Graham Ashcraft,L,R,3.467,1.589
665871,Javier Assad,R,R,3.411,1.565
687014,Nick Avila,R,R,3.549,1.627
658648,Pedro Avila,R,R,3.33,1.48
640492,José Azocar,R,R,3.29,1.59
669199,Lake Bachar,R,R,3.467,1.589
668731,Akil Baddoo,L,L,3.35,1.65
664056,Harrison Bader,R,R,3.12,1.5
678225,Ji Hwan Bae,L,R,3.15,1.47
595879,Javier Báez,R,R,3.49,1.65
672275,Patrick Bailey,S,R,3.42,1.68
641329,Bryan Baker,R,R,3.656,1.677
671117,Darren Baker,L,R,3.301,1.504
663609,Luken Baker,R,R,3.71,1.67
681460,Brooks Baldwin,S,R,3.25,1.59
607455,Anthony Banda,L,L,3.467,1.589
621383,Tanner Banks,R,L,3.411,1.565
675915,David Bañuelos,R,R,3.301,1.504
680718,Addison Barger,L,R,3.64,1.76
605130,Scott Barlow,R,R,3.49,1.601
605131,Austin Barnes,R,R,3.21,1.46
606930,Jacob Barnes,R,R,3.467,1.589
598264,Matt Barnes,R,R,3.549,1.627
571466,Tucker Barnhart,L,R,3.17,1.5
678489,Jorge Barrosa,S,L,3.104,1.448
663698,Joey Bart,R,R,3.4,1.53
605135,Chris Bassitt,R,R,3.575,1.681
669620,Brady Basso,R,L,3.467,1.589
676946,Matthew Batten,R,R,3.22,1.52
683146,Brett Baty,L,R,3.56,1.65
641343,Jake Bauers,L,L,3.5,1.64
657508,Mike Baumann,R,R,3.549,1.627
669358,Shane Baz,R,R,3.467,1.589
660825,Eduard Bazardo,R,R,3.371,1.535
687597,Jordan Beck,R,R,3.53,1.71
663941,Tristan Beck,R,R,3.549,1.627
670280,David Bednar,L,R,3.371,1.535
595881,Tyler Beede,R,R,3.467,1.589
656222,Jalen Beeks,L,L,3.319,1.513
690925,Clayton Beeter,R,R,3.467,1.589
605137,Josh Bell,S,R,3.71,1.8
641355,Cody Bellinger,L,L,3.74,1.76
678394,Brayan Bello,R,R,3.411,1.565
678368,Valente Bellozo,R,R,3.301,1.504
669622,Anthony Bender,R,R,3.549,1.627
643217,Andrew Benintendi,L,L,3.24,1.51
666181,Will Benson,L,L,3.73,1.77
642834,Jonathan Bermúdez,L,L,3.467,1.589
657514,Brennan Bernardino,L,L,3.549,1.627
621244,José Berríos,R,R,3.371,1.535
672860,Prelander Berroa,R,R,3.319,1.513
672642,Steward Berroa,S,R,3.1,1.52
542932,Jon Berti,R,R,3.42,1.58
542194,Christian Bethancourt,R,R,3.52,1.74
605141,Mookie Betts,R,R,3.14,1.46
676440,Tanner Bibee,R,R,3.467,1.589
666182,Bo Bichette,R,R,3.66,1.73
641360,Phil Bickford,R,R,3.549,1.627
674370,Osvaldo Bido,R,R,3.49,1.601
669456,Shane Bieber,R,R,3.49,1.601
656232,Brandon Bielak,L,R,3.467,1.589
685801,Hunter Bigge,R,R,3.411,1.565
624415,Cavan Biggio,L,R,3.4,1.61
656234,Jake Bird,R,R,3.49,1.601
806185,Hayden Birdsong,R,R,3.549,1.627
702352,Spencer Bivens,R,R,3.575,1.681
621389,Ty Blach,R,L,3.411,1.565
696131,Mason Black,R,R,3.49,1.601
672012,Tyler Black,L,R,3.68,1.75
621112,Paul Blackburn,R,R,3.411,1.565
453568,Charlie Blackmon,L,L,3.51,1.67
687134,Bradley Blalock,R,R,3.467,1.589
680118,Dairon Blanco,R,R,3.48,1.65
669854,Ronel Blanco,R,R,3.49,1.601
663905,Travis Blankenhorn,L,R,3.58,1.67
668709,JJ Bleday,L,L,3.14,1.6
656240,Scott Blewett,R,R,3.656,1.677
669208,Ryan Bliss,R,R,3.22,1.44
814005,Jake Bloss,R,R,3.49,1.601
593428,Xander Bogaerts,R,R,3.57,1.64
664761,Alec Bohm,R,R,3.63,1.66
675989,Cody Bolton,R,R,3.467,1.589
592155,Cam Booser,L,L,3.49,1.601
621366,Ryan Borucki,L,L,3.549,1.627
623520,David Bote,R,R,3.36,1.6
656248,Sean Bouchard,R,R,3.51,1.65
676961,Caleb Boushley,R,R,3.49,1.601
680742,Jonathan Bowlan,R,R,3.656,1.677
621199,Matt Bowman,R,R,3.371,1.535
571510,Matthew Boyd,L,L,3.49,1.601
671212,Joe Boyle,R,R,3.756,1.746
674003,Cody Bradford,L,L,3.549,1.627
680694,Kyle Bradish,R,R,3.49,1.601
671737,Taj Bradley,R,R,3.467,1.589
542963,Rob Brantly,L,R,3.411,1.565
518489,Ryan Brasier,R,R,3.371,1.535
623211,Huascar Brazobán,R,R,3.49,1.601
605154,John Brebbia,L,R,3.411,1.565
608324,Alex Bregman,R,R,3.32,1.63
686823,Will Brennan,L,L,3.28,1.53
605155,Colten Brewer,R,R,3.549,1.627
681146,Jonah Bride,R,R,3.25,1.49
689225,Beau Brieske,R,R,3.49,1.601
666745,Jhony Brito,R,R,3.467,1.589
641401,Connor Brogdon,R,R,3.656,1.677
605156,Aaron Brooks,R,R,3.549,1.627
670092,Trenton Brooks,L,L,3.24,1.47
676962,Ben Brown,R,R,3.656,1.677
686613,Hunter Brown,R,R,3.467,1.589
664913,Seth Brown,L,L,3.49,1.69
677865,Justin Bruihl,L,L,3.467,1.589
660644,Vidal Bruján,S,R,3.3,1.51
592178,Kris Bryant,R,R,3.33,1.68
694350,Zach Brzykcy,R,R,3.467,1.589
663460,Kris Bubic,L,L,3.49,1.601
571527,David Buchanan,R,R,3.49,1.601
621111,Walker Buehler,R,R,3.29,1.6
656266,J.B. Bukauskas,R,R,3.371,1.535
607481,Aaron Bummer,L,L,3.49,1.601
595897,Nick Burdi,R,R,3.49,1.601
669394,Jake Burger,R,R,3.31,1.57
670103,Raymond Burgos,L,L,3.575,1.681
656271,Brock Burke,L,L,3.549,1.627
680732,Sean Burke,R,R,3.575,1.681
676475,Alec Burleson,L,L,3.43,1.59
669203,Corbin Burnes,R,R,3.49,1.66
621114,Ryan Burr,R,R,3.549,1.627
681347,Mike Burrows,R,R,3.411,1.565
683737,Michael Busch,L,R,3.19,1.53
641427,Alan Busenitz,R,R,3.411,1.565
681066,Ky Bush,L,L,3.656,1.677
671732,Lawrence Butler,L,R,3.51,1.68
676130,José Buttó,R,R,3.411,1.565
621439,Byron Buxton,R,R,3.48,1.6
676609,José Caballero,R,R,3.03,1.38
663550,Trey Cabbage,L,R,3.6,1.68
665795,Edward Cabrera,R,R,3.575,1.681
650893,Génesis Cabrera,L,L,3.467,1.589
665828,Oswaldo Cabrera,S,R,3.17,1.49
641432,Willie Calhoun,L,R,3.09,1.45
669743,Alex Call,R,R,3.4,1.67
665856,Jair Camargo,R,R,3.301,1.504
663662,Daz Cameron,R,R,3.46,1.58
691406,Junior Caminero,R,R,3.54,1.59
663462,Isaiah Campbell,R,R,3.549,1.627
672569,Gustavo Campero,S,R,3.06,1.49
669134,Luis Campusano,R,R,3.44,1.55
672744,Alexander Canario,R,R,3.62,1.7
600869,Jeimer Candelario,S,R,3.32,1.6
592192,Mark Canha,R,R,3.31,1.51
656288,Griffin Canning,R,R,3.467,1.589
686563,Jonathan Cannon,R,R,3.66,1.68
666974,Yennier Cano,R,R,3.549,1.627
676282,Joey Cantillo,L,L,3.549,1.627
686527,Dominic Canzone,L,R,3.4,1.55
668843,Conner Capel,L,L,3.42,1.62
681962,Vinny Capra,R,R,3.17,1.51
571539,Matt Carasiti,R,R,3.467,1.589
605170,Victor Caratini,S,R,3.32,1.57
666185,Dylan Carlson,S,L,3.42,1.6
681481,Kerry Carpenter,L,R,3.29,1.6
572761,Matt Carpenter,L,R,3.68,1.8
471911,Carlos Carrasco,R,R,3.549,1.627
682998,Corbin Carroll,L,L,3.11,1.49
694497,Evan Carter,L,R,3.68,1.63
592200,Curt Casali,R,R,3.41,1.59
671213,Triston Casas,L,R,3.71,1.79
676508,Ben Casparius,R,R,3.467,1.589
528748,Humberto Castellanos,R,R,3.319,1.513
592206,Nick Castellanos,R,R,3.89,1.85
660636,Diego A. Castillo,R,R,3.45,1.57
650895,Diego Castillo,R,R,3.49,1.601
622491,Luis Castillo,R,R,3.44,1.59
612434,Miguel Castro,R,R,3.756,1.746
650489,Willi Castro,S,R,3.54,1.69
595909,Jake Cave,L,L,3.28,1.58
656302,Dylan Cease,R,R,3.467,1.589
677944,Slade Cecconi,R,R,3.549,1.627
605177,Andrew Chafin,R,L,3.467,1.589
665953,Andrés Chaparro,R,R,3.38,1.6
547973,Aroldis Chapman,L,L,3.549,1.627
656305,Matt Chapman,R,R,3.5,1.67
608638,JT Chargois,S,R,3.49,1.601
445926,Jesse Chavez,R,R,3.411,1.565
630023,Yonny Chirinos,R,R,3.467,1.589
665862,Jazz Chisholm Jr.,L,R,3.66,1.76
683409,Angel Chivilli,R,R,3.467,1.589
694192,Jackson Chourio,R,R,3.28,1.55
687847,Marc Church,R,R,3.49,1.601
643256,Adam Cimber,R,R,3.49,1.601
542585,José Cisnero,R,R,3.49,1.601
650644,Aaron Civale,R,R,3.467,1.589
661403,Emmanuel Clase,R,R,3.467,1.589
682729,Jonatan Clase,S,R,3.27,1.59
664076,Garrett Cleavinger,R,L,3.411,1.565
665019,Kody Clemens,L,R,3.46,1.68
676391,Ernie Clement,R,R,3.37,1.56
605182,Mike Clevinger,R,R,3.549,1.627
502171,Alex Cobb,R,R,3.49,1.601
693049,Oscar Colás,L,L,3.42,1.62
543037,Gerrit Cole,R,R,3.549,1.627
669395,Dylan Coleman,R,R,3.575,1.681
686555,Isaac Collins,S,R,3.26,1.481
624424,Michael Conforto,L,R,3.4,1.62
665052,Griffin Conine,L,R,3.59,1.71
664351,Luis Contreras,R,R,3.411,1.565
672710,Roansy Contreras,R,R,3.411,1.565
661388,William Contreras,R,R,3.48,1.62
575929,Willson Contreras,R,R,3.49,1.61
695257,Billy Cook,R,R,3.57,1.71
643265,Garrett Cooper,R,R,3.61,1.71
571578,Patrick Corbin,L,L,3.42,1.63
621043,Carlos Correa,R,R,3.63,1.76
641482,Nestor Cortes,R,L,3.319,1.513
676680,Tom Cosgrove,L,L,3.467,1.589
543056,Danny Coulombe,L,L,3.301,1.504
664776,Jake Cousins,R,R,3.549,1.627
681297,Colton Cowser,L,R,3.38,1.65
543063,Brandon Crawford,L,R,3.47,1.59
641487,J.P. Crawford,L,R,3.17,1.48
676710,Kutter Crawford,R,R,3.411,1.565
686611,Dylan Crews,R,R,3.15,1.41
622503,Nabil Crismatt,R,R,3.411,1.565
681867,Cooper Criswell,R,R,3.656,1.677
676105,Jeff Criswell,R,R,3.549,1.627
676979,Garrett Crochet,L,L,3.66,1.68
630105,Jake Cronenworth,L,R,3.34,1.56
686539,Declan Cronin,R,R,3.549,1.627
668968,Hans Crouse,L,R,3.549,1.627
691718,Pete Crow-Armstrong,L,L,3.37,1.55
518585,Fernando Cruz,R,R,3.467,1.589
665833,Oneil Cruz,L,R,3.82,1.81
674444,Steven Cruz,R,R,3.756,1.746
621016,Jose Cuas,R,R,3.49,1.601
456501,Johnny Cueto,R,R,3.32,1.55
675540,Xzavion Curry,R,R,3.371,1.535
595928,John Curtiss,R,R,3.575,1.681
518595,Travis d'Arnaud,R,R,3.44,1.54
621311,David Dahl,L,R,3.32,1.54
666915,Bobby Dalbec,R,R,3.44,1.61
702674,Caden Dana,L,R,3.549,1.627
669721,Davis Daniel,R,R,3.411,1.565
506433,Yu Darvish,R,R,3.63,1.75
656353,Tucker Davidson,L,L,3.467,1.589
656354,Austin Davis,L,L,3.549,1.627
680779,Henry Davis,R,R,3.34,1.64
605204,J.D. Davis,R,R,3.54,1.6
663562,Noah Davis,R,R,3.467,1.589
676969,Brett de Geus,R,R,3.467,1.589
594798,Jacob deGrom,L,R,3.549,1.627
657557,Paul DeJong,R,R,3.44,1.57
650559,Bryan De La Cruz,R,R,3.59,1.73
682829,Elly De La Cruz,S,R,3.6,1.75
641511,Jason Delay,R,R,3.36,1.53
680728,Adrian Del Castillo,L,R,3.41,1.66
676113,Zach DeLoach,L,R,3.31,1.56
660853,Enyel De Los Santos,R,R,3.49,1.601
665782,Luis De Los Santos,R,R,3.55,1.68
676356,Jonny DeLuca,R,R,3.19,1.51
672282,Reid Detmers,L,L,3.467,1.589
606965,Chris Devenski,R,R,3.49,1.601
672701,José Devers,L,R,3.39,1.6
646240,Rafael Devers,L,R,3.43,1.55
701305,Zach Dezenzo,R,R,3.43,1.65
649557,Aledmys Díaz,R,R,3.45,1.64
664747,Alexis Díaz,R,R,3.467,1.589
621242,Edwin Díaz,R,R,3.49,1.601
553869,Elias Díaz,R,R,3.07,1.38
646242,Jhonathan Díaz,L,L,3.371,1.535
622766,Miguel Díaz,R,R,3.371,1.535
673237,Yainer Diaz,R,R,3.17,1.49
650490,Yandy Díaz,R,R,3.38,1.58
700270,Yilber Diaz,R,R,3.371,1.535
518617,Jake Diekman,R,L,3.549,1.627
693307,Dillon Dingler,R,R,3.52,1.61
677976,Randy Dobnak,R,R,3.411,1.565
689266,Dylan Dodd,L,L,3.467,1.589
691176,Jasson Domínguez,S,R,3.44,1.64
622554,Seranthony Domínguez,R,R,3.411,1.565
680977,Brendan Donovan,L,R,3.32,1.61
666808,Camilo Doval,R,R,3.467,1.589
686668,Brenton Doyle,R,R,3.4,1.65
686482,Logan Driscoll,L,R,3.37,1.52
592273,Brandon Drury,R,R,3.54,1.72
650960,Daniel Duarte,R,R,3.371,1.535
681869,Shawn Dubin,R,R,3.371,1.535
643289,Mauricio Dubón,R,R,3.31,1.57
608648,Tyler Duffey,R,R,3.49,1.601
622110,Matt Duffy,R,R,3.56,1.66
694362,Blake Dunn,R,R,3.14,1.46
686554,Oliver Dunn,L,R,3.28,1.55
641540,Dane Dunning,R,R,3.549,1.627
670161,Parker Dunshee,R,R,3.371,1.535
677649,Ezequiel Duran,R,R,3.37,1.56
680776,Jarren Duran,L,R,3.59,1.71
661395,Jhoan Duran,R,R,3.575,1.681
594807,Adam Duvall,R,R,3.38,1.54
671109,Jake Eder,L,L,3.549,1.627
669242,Tommy Edman,S,R,3.26,1.5
605218,Carl Edwards Jr.,R,R,3.49,1.601
669364,Xavier Edwards,S,R,3.34,1.53
664123,Scott Effross,R,R,3.467,1.589
621107,Zach Eflin,R,R,3.68,1.7
685126,Brandon Eisert,L,L,3.467,1.589
693821,Bryce Elder,R,R,3.467,1.589
686642,Fraser Ellard,L,L,3.549,1.627
668752,Duke Ellis,L,L,3.467,1.589
592288,Kent Emanuel,L,L,3.549,1.627
666464,Jerar Encarnacion,R,R,3.74,1.78
687952,Christian Encarnacion-Strand,R,R,3.26,1.5
669438,Mason Englert,S,R,3.549,1.627
543135,Nathan Eovaldi,R,R,3.467,1.589
668674,Lucas Erceg,L,R,3.467,1.589
669289,Santiago Espinal,R,R,3.37,1.57
502179,Paolo Espino,R,R,3.02,1.41
683155,Joey Estes,R,R,3.467,1.589
608032,Carlos Estévez,R,R,3.656,1.677
669093,Jeremiah Estrada,S,R,3.411,1.565
642731,Thairo Estrada,R,R,3.34,1.66
660758,Sandro Fabian,R,R,3.319,1.513
656412,Alex Faedo,R,R,3.575,1.681
664126,Pete Fairbanks,R,R,3.656,1.677
656413,Stuart Fairchild,R,R,3.22,1.52
663559,Bailey Falter,R,L,3.549,1.627
571656,Buck Farmer,L,R,3.549,1.627
571657,Kyle Farmer,R,R,3.32,1.57
676534,Calvin Faucher,R,R,3.411,1.565
607200,Erick Fedde,R,R,3.47,1.61
676439,Hunter Feduccia,L,R,3.411,1.565
621399,Brady Feigl,R,L,3.549,1.627
663372,Ryan Feltner,R,R,3.549,1.627
657571,Caleb Ferguson,R,L,3.49,1.601
621053,Tyler Ferguson,R,R,3.549,1.627
666023,Freddy Fermin,R,R,3.16,1.52
665877,José Fermín,R,R,3.33,1.56
681676,Ryan Fernandez,R,R,3.371,1.535
678606,Jose A. Ferrer,L,L,3.411,1.565
701581,David Festa,R,R,3.656,1.677
670036,Matt Festa,R,R,3.411,1.565
656420,J.P. Feyereisen,R,R,3.467,1.589
640448,Kyle Finnegan,R,R,3.467,1.589
690916,Richard Fitts,R,R,3.49,1.601
666149,Tyler Fitzgerald,R,R,3.48,1.65
656427,Jack Flaherty,R,R,3.48,1.62
676596,Josh Fleming,L,L,3.467,1.589
664058,David Fletcher,R,R,3.28,1.52
666150,Dominic Fletcher,L,L,3.18,1.49
623167,Chris Flexen,R,R,3.49,1.601
527038,Wilmer Flores,R,R,3.18,1.48
664314,Estevan Florial,L,R,3.6,1.72
571670,Dylan Floro,L,R,3.467,1.589
671345,Jason Foley,R,R,3.549,1.627
645801,Mike Ford,L,R,3.28,1.56
663743,Nick Fortes,R,R,3.2,1.51
679822,Justin Foscue,R,R,3.42,1.6
641582,Matt Foster,R,R,3.371,1.535
641584,Jake Fraley,L,L,3.33,1.58
641585,J.P. France,R,R,3.371,1.535
664034,Ty France,R,R,3.15,1.44
670102,Bowden Francis,R,R,3.575,1.681
624428,Adam Frazier,L,R,3.06,1.41
607536,Kyle Freeland,L,L,3.5,1.66
518692,Freddie Freeman,L,R,3.62,1.83
671289,Tyler Freeman,R,R,3.18,1.4
686217,Sal Frelick,L,R,3.03,1.42
666818,Luis Frías,R,R,3.49,1.601
608331,Max Fried,L,L,3.37,1.56
670770,TJ Friedl,L,L,3.13,1.48
681807,David Fry,R,R,3.31,1.52
608334,Carson Fulmer,R,R,3.371,1.535
681892,Kody Funderburk,L,L,3.549,1.627
683769,Hunter Gaddis,R,R,3.656,1.677
606149,Giovanny Gallegos,R,R,3.467,1.589
668678,Zac Gallen,R,R,3.41,1.53
608336,Joey Gallo,L,R,3.37,1.56
592325,Ben Gamel,L,L,3.37,1.54
642520,Gerson Garabito,R,R,3.371,1.535
605244,Aramis Garcia,R,R,3.49,1.57
541645,Avisaíl García,R,R,3.5,1.74
665620,Deivi García,R,R,3.285,1.487
666969,Adolis García,R,R,3.51,1.74
671277,Luis García Jr.,L,R,3.43,1.65
472610,Luis García,R,R,3.467,1.589
672580,Maikel Garcia,R,R,3.6,1.7
676395,Robert Garcia,R,L,3.549,1.627
554340,Yimi García,R,R,3.411,1.565
607237,Amir Garrett,R,L,3.575,1.681
666129,Braxton Garrett,R,L,3.467,1.589
656448,Stone Garrett,R,R,3.66,1.77
657585,Reed Garrett,R,R,3.467,1.589
641598,Mitch Garver,R,R,3.45,1.59
681508,Mickey Gasper,S,R,3.17,1.44
688107,Robert Gasser,L,L,3.371,1.535
592332,Kevin Gausman,L,R,3.59,1.67
680869,Zack Gelof,R,R,3.43,1.56
694355,Tyler Gentry,R,R,3.411,1.565
593334,Domingo Germán,R,R,3.467,1.589
664139,Ian Gibaut,R,R,3.49,1.601
502043,Kyle Gibson,R,R,3.656,1.677
661563,Luis Gil,R,R,3.467,1.589
669302,Logan Gilbert,R,R,3.656,1.677
656457,Tyler Gilbert,L,L,3.49,1.601
656458,Lucas Gilbreath,L,L,3.411,1.565
670810,Logan Gillaspie,R,R,3.467,1.589
687362,Connor Gillispie,R,R,3.319,1.513
665926,Andrés Giménez,L,R,3.15,1.43
656464,Kevin Ginkel,L,R,3.549,1.627
669372,J.T. Ginn,R,R,3.467,1.589
607192,Tyler Glasnow,L,R,3.688,1.747
502671,Paul Goldschmidt,R,R,3.48,1.63
596295,Austin Gomber,L,L,3.575,1.681
543228,Yan Gomes,R,R,3.3,1.56
672782,Yoendrys Gómez,R,R,3.49,1.601
594835,Marco Gonzales,L,L,3.411,1.565
693304,Nick Gonzales,R,R,3.39,1.53
663853,Romy Gonzalez,R,R,3.42,1.66
624647,Victor González,L,L,3.371,1.535
696100,Hunter Goodman,R,R,3.37,1.59
592348,Niko Goodrum,S,R,3.7,1.72
624503,Nick Gordon,L,R,3.56,1.64
685299,Tanner Gordon,L,R,3.575,1.681
669022,MacKenzie Gore,L,L,3.467,1.589
669357,Nolan Gorman,L,R,3.5,1.6
543238,Anthony Gose,L,L,3.371,1.535
700669,Gordon Graceffo,R,R,3.549,1.627
518735,Yasmani Grandal,S,R,3.14,1.53
660813,Brusdar Graterol,R,R,3.411,1.565
592351,Jon Gray,R,R,3.51,1.63
680686,Josiah Gray,R,R,3.411,1.565
543243,Sonny Gray,R,R,3.38,1.57
656484,Tristan Gray,L,R,3.44,1.58
643338,Chad Green,L,R,3.49,1.601
668881,Hunter Greene,R,R,3.575,1.681
682985,Riley Greene,L,L,3.39,1.63
545341,Randal Grichuk,R,R,3.23,1.46
663757,Trent Grisham,L,L,3.54,1.77
687093,Vaughn Grissom,R,R,3.35,1.57
543257,Robbie Grossman,S,L,3.02,1.41
675627,Michael Grove,R,R,3.49,1.601
674944,Sean Guenther,L,L,3.319,1.513
692285,Luis Guerrero,R,R,3.371,1.535
665489,Vladimir Guerrero Jr.,R,R,3.64,1.64
641645,Luis Guillorme,L,R,3.17,1.54
666971,Lourdes Gurriel Jr.,R,R,3.7,1.73
493329,Yuli Gurriel,R,R,3.4,1.55
661269,Vladimir Gutierrez,R,R,3.411,1.565
606992,Eric Haase,R,R,3.19,1.49
623352,Josh Hader,L,L,3.49,1.601
664059,Sam Haggerty,S,R,3.21,1.45
669084,DL Hall,L,L,3.467,1.589
678020,Seth Halvorsen,R,R,3.467,1.589
666152,David Hamilton,L,R,3.2,1.48
641656,Ian Hamilton,R,R,3.411,1.565
641658,Garrett Hampson,R,R,3.43,1.63
676106,Emerson Hancock,R,R,3.549,1.627
669724,Brenan Hanifee,R,R,3.575,1.681
571745,Mitch Haniger,R,R,3.37,1.56
664023,Ian Happ,S,R,3.52,1.63
547180,Bryce Harper,L,R,3.22,1.69
695391,Brett Harris,R,R,3.39,1.53
687957,Dustin Harris,L,R,3.467,1.589
663687,Hogan Harris,R,L,3.49,1.601
671739,Michael Harris II,L,L,3.37,1.57
690986,Kyle Harrison,R,L,3.467,1.589
664129,Geoff Hartlieb,R,R,3.575,1.681
701643,Grant Hartwig,R,R,3.575,1.681
640451,Hunter Harvey,R,R,3.49,1.601
663647,Ke'Bryan Hayes,R,R,3.21,1.5
669720,Austin Hays,R,R,3.2,1.49
687396,Brent Headrick,L,L,3.656,1.677
571760,Andrew Heaney,L,L,3.467,1.589
669169,Jonathan Heasley,R,R,3.49,1.601
595978,Austin Hedges,R,R,3.22,1.51
641680,Jonah Heim,S,R,3.47,1.63
623168,Tyler Heineman,S,R,3.13,1.49
621294,Ben Heller,R,R,3.49,1.601
680737,Michael Helman,R,R,3.371,1.535
664854,Ryan Helsley,R,R,3.467,1.589
683002,Gunnar Henderson,L,R,3.7,1.79
543294,Kyle Hendricks,R,R,3.24,1.5
668874,Blair Henley,R,R,3.49,1.601
683618,Edgardo Henriquez,R,R,3.549,1.627
678692,Ronny Henriquez,R,R,3.301,1.504
674072,Tommy Henry,L,L,3.49,1.601
682073,David Hensley,R,R,3.57,1.73
656529,Sam Hentges,L,L,3.656,1.677
623474,Jimmy Herget,R,R,3.49,1.601
643361,Kevin Herget,L,R,3.301,1.504
687231,Darell Hernaiz,R,R,3.64,1.66
672578,Carlos Hernández,R,R,3.549,1.627
678226,Daysbel Hernández,R,R,3.301,1.504
622694,Elieser Hernández,R,R,3.411,1.565
571771,Enrique Hernández,R,R,3.34,1.62
642546,Jonathan Hernández,R,R,3.49,1.601
669796,Jose E. Hernandez,L,L,3.49,1.601
663321,Nick Hernandez,R,R,3.411,1.565
606192,Teoscar Hernández,R,R,3.47,1.63
671056,Iván Herrera,R,R,3.28,1.54
645444,Jose Herrera,S,R,3.07,1.36
682120,Tim Herrin,L,L,3.656,1.677
687792,DJ Herz,R,L,3.467,1.589
518792,Jason Heyward,L,L,3.56,1.69
676551,Brewer Hicklen,R,R,3.411,1.565
543305,Aaron Hicks,S,R,3.6,1.71
663855,Jordan Hicks,R,R,3.467,1.589
543309,Kyle Higashioka,R,R,3.42,1.63
656537,Derek Hill,R,R,3.5,1.6
677955,Jaden Hill,R,R,3.49,1.6
448179,Rich Hill,L,L,3.575,1.681
657612,Tim Hill,R,L,3.549,1.627
656541,Sam Hilliard,L,L,3.63,1.73
677956,Rece Hinds,R,R,3.59,1.62
669374,Keston Hiura,R,R,3.26,1.52
663546,Sean Hjelle,R,R,3.95,1.975
687863,Porter Hodge,R,R,3.549,1.627
663773,Bryan Hoeing,R,R,3.656,1.677
663538,Nico Hoerner,R,R,3.3,1.57
656546,Jeff Hoffman,R,R,3.575,1.681
670059,Colin Holderman,R,R,3.549,1.627
702616,Jackson Holliday,L,R,3.4,1.6
668970,Gavin Hollowell,R,R,3.756,1.746
680880,Grant Holman,R,R,3.656,1.677
605280,Clay Holmes,R,R,3.575,1.681
656550,Grant Holmes,L,R,3.371,1.535
663947,Tyler Holton,L,L,3.467,1.589
641703,Brent Honeywell,R,R,3.467,1.589
690544,Bailey Horn,L,L,3.467,1.589
687462,Spencer Horwitz,L,R,3.58,1.71
656555,Rhys Hoskins,R,R,3.5,1.61
656557,Tanner Houck,R,R,3.575,1.681
605288,Adrian Houser,R,R,3.45,1.65
675921,Spencer Howard,R,R,3.49,1.601
663542,Bryan Hudson,L,L,3.688,1.747
641712,Dakota Hudson,R,R,3.575,1.681
543339,Daniel Hudson,R,R,3.49,1.601
621529,Joe Hudson,R,R,3.319,1.513
669087,Sam Huff,R,R,3.73,1.65
676714,Brandon Hughes,S,L,3.467,1.589
669450,Cooper Hummel,S,R,3.21,1.45
669165,Kyle Hurt,R,R,3.49,1.601
676428,Brant Hurter,L,L,3.656,1.677
674441,Jacob Hurtubise,L,R,3.31,1.57
628451,Andy Ibáñez,R,R,3.14,1.49
578428,Jose Iglesias,R,R,3.2,1.45
628452,Raisel Iglesias,R,R,3.467,1.589
684007,Shota Imanaga,L,L,3.301,1.504
663697,Jonathan India,R,R,3.26,1.52
683568,Jairo Iriarte,R,R,3.467,1.589
608344,Cole Irvin,L,L,3.549,1.627
663623,Jake Irvin,R,R,3.656,1.677
664728,Kyle Isbel,L,R,3.39,1.6
656577,Alex Jackson,R,R,3.36,1.63
592426,Luke Jackson,R,R,3.467,1.589
543351,Jay Jackson,R,R,3.411,1.565
689690,Alek Jacob,L,R,3.49,1.601
682175,Joe Jacques,L,L,3.549,1.627
608671,Travis Jankowski,L,R,3.55,1.7
643376,Danny Jansen,R,R,3.2,1.5
445276,Kenley Jansen,S,R,3.575,1.681
686826,Bryce Jarvis,L,R,3.467,1.589
664299,Cristian Javier,R,R,3.411,1.565
643377,Griffin Jax,R,R,3.467,1.589
664079,Tyler Jay,L,L,3.411,1.565
641726,Daulton Jefferies,L,R,3.371,1.535
680777,Ryan Jeffers,R,R,3.31,1.59
666204,Dany Jiménez,R,R,3.411,1.565
650391,Eloy Jiménez,R,R,3.4,1.63
641729,Joe Jiménez,R,R,3.49,1.601
677870,Leo Jiménez,R,R,3.27,1.56
695549,Jackson Jobe,R,R,3.467,1.589
656582,Connor Joe,R,R,3.18,1.5
669369,Bryce Johnson,S,R,3.39,1.59
669288,Daniel Johnson,L,L,3.2,1.53
572955,Pierce Johnson,R,R,3.467,1.589
686751,Seth Johnson,R,R,3.411,1.565
675659,Greg Jones,S,R,3.371,1.535
663330,Jahmai Jones,R,R,3.51,1.64
683003,Jared Jones,L,R,3.41,1.57
666134,Nolan Jones,L,R,3.68,1.76
682119,Levi Jordan,R,R,3.26,1.481
690829,Ben Joyce,R,R,3.575,1.681
592450,Aaron Judge,R,R,4.02,1.85
666397,Edouard Julien,L,R,3.3,1.64
667452,Corey Julks,R,R,3.25,1.54
690291,Jace Jung,L,R,3.27,1.53
673962,Josh Jung,R,R,3.75,1.78
596001,Jakob Junis,R,R,3.49,1.601
676083,Janson Junk,R,R,3.467,1.589
687145,Evan Justice,L,L,3.549,1.627
592454,Tommy Kahnle,R,R,3.411,1.565
694359,Niko Kavadas,L,R,3.26,1.62
680577,DaShawn Keirsey Jr.,L,L,3.411,1.565
690993,Colt Keith,L,R,3.29,1.6
672284,Jarred Kelenic,L,L,3.47,1.66
641745,Brad Keller,R,R,3.575,1.681
656605,Mitch Keller,R,R,3.66,1.68
608348,Carson Kelly,R,R,3.33,1.66
543391,Casey Kelly,R,R,3.49,1.601
523260,Joe Kelly,R,R,3.411,1.565
518876,Merrill Kelly,R,R,3.41,1.55
687330,Kevin Kelly,R,R,3.467,1.589
547184,Michael Kelly,R,R,3.549,1.627
677161,Zack Kelly,R,R,3.49,1.601
643393,Tony Kemp,L,R,3.12,1.48
671083,Buddy Kennedy,R,R,3.09,1.43
596146,Max Kepler,L,L,3.5,1.72
689147,Orion Kerkering,R,R,3.467,1.589
678061,Ray Kerr,L,L,3.49,1.601
477132,Clayton Kershaw,L,L,3.36,1.6
666197,Grae Kessinger,R,R,3.31,1.59
572971,Dallas Keuchel,L,L,3.467,1.589
595281,Kevin Kiermaier,L,R,3.39,1.59
579328,Yusei Kikuchi,L,L,3.371,1.535
668873,Caleb Kilian,R,R,3.549,1.627
673490,Ha-Seong Kim,R,R,3.36,1.54
518886,Craig Kimbrel,R,R,3.371,1.535
643396,Isiah Kiner-Falefa,R,R,3.22,1.49
687911,Bryan King,R,L,3.411,1.565
667463,John King,L,L,3.467,1.589
650633,Michael King,R,R,3.49,1.601
641755,Tyler Kinley,R,R,3.549,1.627
669923,George Kirby,R,R,3.549,1.627
666135,Alex Kirilloff,L,L,3.51,1.71
672386,Alejandro Kirk,R,R,3.09,1.46
685116,Austin Kitchen,L,L,3.371,1.535
552640,Andrew Kittredge,R,R,3.411,1.565
677008,Heston Kjerstad,L,R,3.86,1.81
694361,Will Klein,R,R,3.575,1.681
680572,Adam Kloffenstein,R,R,3.575,1.681
689017,Landon Knack,L,R,3.467,1.589
595284,Andrew Knapp,S,R,3.19,1.5
668800,Andrew Knizner,R,R,3.22,1.46
667428,Grant Koch,R,R,3.301,1.504
571863,Matt Koch,L,R,3.49,1.601
686799,Jack Kochanowicz,L,R,3.756,1.746
657649,Jared Koenig,R,L,3.575,1.681
663568,Stephen Kolek,R,R,3.49,1.601
656629,Michael Kopech,R,R,3.49,1.601
667478,Evan Kravetz,L,L,3.688,1.747
668952,Ryan Kreidler,R,R,3.42,1.56
665152,Dean Kremer,R,R,3.467,1.589
670219,Zac Kristofak,R,R,3.285,1.487
640454,Matt Krook,L,L,3.549,1.627
641771,Chad Kuhl,R,R,3.6,1.67
669270,Joel Kuhnel,R,R,3.575,1.681
680757,Steven Kwan,L,L,3.13,1.45
663567,Peter Lambert,R,R,3.467,1.589
659275,Dinelson Lamet,R,R,3.49,1.601
656638,Alex Lange,R,R,3.49,1.601
669127,Shea Langeliers,R,R,3.33,1.53
694671,Wyatt Langford,R,R,3.51,1.67
663616,Trevor Larnach,L,R,3.76,1.79
686747,Joe La Sorsa,L,L,3.575,1.681
656641,Jacob Latz,R,L,3.467,1.589
657656,Ramón Laureano,R,R,3.34,1.55
571882,Derek Law,R,R,3.49,1.601
664875,Justin Lawrence,R,R,3.49,1.601
676661,Max Lazar,R,R,3.411,1.565
681517,Kyle Leahy,S,R,3.575,1.681
673929,Jordan Leasure,R,R,3.49,1.601
641779,Charles Leblanc,R,R,3.59,1.71
600917,José Leclerc,R,R,3.371,1.535
686797,Brooks Lee,S,R,3.29,1.59
669276,Dylan Lee,L,L,3.49,1.601
808982,Jung Hoo Lee,L,R,3.34,1.5
686676,Korey Lee,R,R,3.45,1.58
668984,Casey Legumina,R,R,3.467,1.589
605335,Brandon Leibrandt,L,L,3.549,1.627
683004,Jack Leiter,R,R,3.371,1.535
643410,Mark Leiter Jr.,R,R,3.371,1.535
518934,DJ LeMahieu,R,R,3.27,1.52
694175,Pedro León,R,R,3.285,1.487
608678,Dominic Leone,R,R,3.301,1.504
668904,Royce Lewis,R,R,3.51,1.72
669461,Matthew Liberatore,L,L,3.549,1.627
596019,Francisco Lindor,S,R,3.31,1.55
702358,Trey Lipscomb,R,R,3.58,1.69
641793,Zack Littell,R,R,3.549,1.627
663893,Brendon Little,L,L,3.467,1.589
681432,Luke Little,L,L,3.688,1.747
594902,Ben Lively,R,R,3.549,1.627
642528,Jonathan Loáisiga,R,R,3.319,1.513
682988,Tyler Locklear,R,R,3.32,1.51
663604,Brandon Lockridge,R,R,3.371,1.535
666157,Nick Lodolo,L,L,3.656,1.677
679845,Nick Loftin,R,R,3.44,1.62
656657,Zach Logue,L,L,3.371,1.535
669674,Sam Long,L,L,3.411,1.565
694388,Joey Loperfido,L,R,3.4,1.64
605346,Jack López,R,R,3.33,1.58
682052,Jacob Lopez,L,L,3.549,1.627
605347,Jorge López,R,R,3.49,1.601
670032,Nicky Lopez,L,R,2.99,1.32
672640,Otto Lopez,R,R,3.27,1.54
641154,Pablo López,L,R,3.66,1.72
625643,Reynaldo López,R,R,3.411,1.565
547179,Michael Lorenzen,R,R,3.49,1.601
702795,Ryan Loutos,R,R,3.575,1.681
663992,Richard Lovelady,L,L,3.371,1.535
695076,Rhett Lowder,R,R,3.467,1.589
664040,Brandon Lowe,L,R,3.2,1.46
663993,Nathaniel Lowe,L,R,3.47,1.61
666139,Josh Lowe,L,R,3.61,1.76
687922,Easton Lucas,L,L,3.549,1.627
664192,Joey Lucchesi,L,L,3.575,1.681
682617,Marco Luciano,R,R,3.42,1.62
607625,Seth Lugo,R,R,3.549,1.627
664770,Nathan Lukes,L,R,3.44,1.61
666158,Gavin Lux,L,R,3.26,1.59
666200,Jesús Luzardo,L,L,3.47,1.61
543475,Jordan Lyles,R,R,3.575,1.681
663738,Daniel Lynch IV,L,L,3.656,1.677
458681,Lance Lynn,S,R,3.575,1.681
592518,Manny Machado,R,R,3.58,1.64
656671,Josh Maciejewski,R,L,3.49,1.601
680744,Ty Madden,R,R,3.49,1.601
663611,Nick Madrigal,R,R,2.93,1.34
676632,Bligh Madris,L,R,3.45,1.62
628317,Kenta Maeda,R,R,3.411,1.565
641816,Tyler Mahle,R,R,3.4,1.56
571912,Luke Maile,R,R,3.2,1.46
687424,Anthony Maldonado,R,R,3.549,1.627
455117,Martín Maldonado,R,R,3.29,1.54
669234,Justyn-Henry Malloy,R,R,3.45,1.68
640455,Sean Manaea,R,L,3.575,1.681
666159,Matt Manning,R,R,3.656,1.677
666201,Alek Manoah,R,R,3.656,1.677
573009,Joe Mantiply,R,L,3.549,1.627
700932,Kyle Manzardo,L,R,3.15,1.41
665561,Rafael Marchán,S,R,3.14,1.37
622534,Manuel Margot,R,R,3.47,1.68
676760,Ron Marinaccio,R,R,3.467,1.589
687799,Cade Marlowe,L,R,3.15,1.46
608566,Germán Márquez,R,R,3.411,1.565
679525,Alec Marsh,R,R,3.467,1.589
669016,Brandon Marsh,L,R,3.2,1.56
665896,José Marte,R,R,3.49,1.601
606466,Ketel Marte,S,R,3.59,1.72
682622,Noelvi Marte,R,R,3.37,1.65
516782,Starling Marte,R,R,3.5,1.61
628708,Yunior Marte,R,R,3.467,1.589
668885,Austin Martin,R,R,3.17,1.52
455119,Chris Martin,R,R,3.688,1.747
663436,Davis Martin,L,R,3.467,1.589
682657,Angel Martínez,S,R,3.22,1.45
502110,J.D. Martinez,R,R,3.71,1.79
679881,J.P. Martínez,L,L,3.4,1.61
679885,Justin Martinez,R,R,3.49,1.601
607259,Nick Martinez,L,R,3.411,1.565
682619,Orelvis Martinez,R,R,3.319,1.513
661527,Seth Martinez,R,R,3.467,1.589
605361,Nick Martini,L,L,3.43,1.57
686681,Michael Massey,L,R,3.35,1.58
670156,Miles Mastrobuoni,L,R,2.96,1.36
622761,Jorge Mateo,R,R,3.48,1.66
665155,Nick Maton,L,R,3.16,1.57
664208,Phil Maton,R,R,3.467,1.589
682641,Luis Matos,R,R,3.33,1.64
673513,Yuki Matsui,L,L,3.26,1.481
805673,Zebby Matthews,R,R,3.575,1.681
676755,Isaac Mattson,R,R,3.467,1.589
571927,Steven Matz,R,L,3.467,1.589
554431,Tyler Matzek,L,L,3.49,1.601
691723,Coby Mayo,R,R,3.49,1.57
641835,Tim Mayza,L,L,3.49,1.601
800049,Adam Mazur,R,R,3.467,1.589
663704,James McArthur,R,R,3.756,1.746
543510,James McCann,R,R,3.38,1.52
668832,Kyle McCann,L,R,3.41,1.64
664983,Jake McCarthy,L,L,3.42,1.62
670766,Darren McCaughan,R,R,3.411,1.565
676801,Chas McCormick,R,L,3.26,1.57
669200,Mason McCoy,R,R,3.38,1.56
687529,Grant McCray,L,R,3.61,1.63
457705,Andrew McCutchen,R,R,3.39,1.62
694646,Chayce McDermott,L,R,3.49,1.601
686790,Trevor McDonald,R,R,3.467,1.589
519008,T.J. McFarland,L,L,3.49,1.601
543518,Scott McGough,R,R,3.319,1.513
700241,Michael McGreevy,L,R,3.549,1.627
624512,Reese McGuire,L,R,3.33,1.64
663630,Ryan McKenna,R,R,3.38,1.6
663474,Triston McKenzie,R,R,3.575,1.681
641856,Billy McKinney,L,L,3.12,1.44
656716,Zach McKinstry,L,R,3.19,1.53
641857,Ryan McMahon,L,R,3.44,1.6
669111,John McMillon,L,R,3.49,1.601
643446,Jeff McNeil,L,R,3.51,1.68
678554,Curtis Mead,R,R,3.62,1.64
678009,Parker Meadows,L,R,3.41,1.6
607644,John Means,L,L,3.549,1.627
683232,Nick Mears,R,R,3.467,1.589
682989,Victor Mederos,R,R,3.467,1.589
665622,Luis Medina,R,R,3.411,1.565
703231,James Meeker,R,R,3.549,1.627
656730,Trevor Megill,L,R,3.688,1.747
656731,Tylor Megill,R,R,3.59,1.7
669004,MJ Melendez,L,R,3.32,1.59
691441,Cristian Mena,R,R,3.467,1.589
664901,Danny Mendick,R,R,3.34,1.64
608841,Joey Meneses,R,R,3.72,1.77
675650,Michael Mercado,R,R,3.549,1.627
593160,Whit Merrifield,R,R,3.36,1.58
701538,Jackson Merrill,L,R,3.49,1.63
657240,Julian Merryweather,R,R,3.549,1.627
670223,Matt Mervis,L,R,3.52,1.66
676974,Max Meyer,L,R,3.4,1.55
676694,Jake Meyers,R,L,3.31,1.56
571945,Miles Mikolas,R,R,3.549,1.627
489119,Wade Miley,L,L,3.48,1.65
686452,Drew Millas,S,R,3.52,1.65
682243,Bryce Miller,R,R,3.467,1.589
669062,Erik Miller,L,L,3.575,1.681
695243,Mason Miller,R,R,3.575,1.681
680911,Owen Miller,R,R,3.21,1.45
676272,Bobby Miller,L,R,3.575,1.681
668943,Ryan Miller,R,R,3.371,1.535
571946,Shelby Miller,R,R,3.49,1.601
668338,Tyson Miller,R,R,3.575,1.681
571948,Hoby Milner,L,L,3.49,1.601
621345,A.J. Minter,L,L,3.371,1.535
669304,Jose Miranda,R,R,3.03,1.42
664948,Anthony Misiewicz,R,L,3.411,1.565
670224,Kameron Misner,L,L,3.55,1.63
669003,Garrett Mitchell,L,R,3.49,1.6
663554,Casey Mize,R,R,3.49,1.601
669387,Carmen Mlodzinski,R,R,3.467,1.589
683627,Anthony Molina,R,R,3.411,1.565
594580,Sam Moll,L,L,3.285,1.487
655316,Andruw Monasterio,R,R,3.28,1.55
660162,Yoán Moncada,S,R,3.43,1.58
666160,Mickey Moniak,L,R,3.35,1.57
593423,Frankie Montas,R,R,3.467,1.589
660707,Elehuris Montero,R,R,3.41,1.67
672456,Keider Montero,R,R,3.411,1.565
606160,Rafael Montero,R,R,3.371,1.535
656756,Jordan Montgomery,L,L,3.656,1.677
682254,Mason Montgomery,L,L,3.47,1.59
664238,Dylan Moore,R,R,3.35,1.52
519043,Matt Moore,L,L,3.49,1.601
670970,Adrian Morejon,L,L,3.319,1.513
666624,Christopher Morel,R,R,3.55,1.6
672515,Gabriel Moreno,R,R,3.38,1.55
669212,Eli Morgan,R,R,3.301,1.504
450203,Charlie Morton,R,R,3.51,1.63
663624,Ryan Mountcastle,R,R,3.59,1.78
666205,Kyle Muller,R,L,3.756,1.746
656775,Cedric Mullins,L,L,3.4,1.61
571970,Max Muncy,L,R,3.01,1.51
662253,Andrés Muñoz,R,R,3.467,1.589
682610,Roddery Muñoz,R,R,3.467,1.589
669221,Sean Murphy,R,R,3.41,1.6
608596,Tom Murphy,R,R,3.37,1.6
605397,Joe Musgrove,R,R,3.69,1.78
656786,Parker Mushinski,L,L,3.371,1.535
667472,Dane Myers,R,R,3.63,1.7
668964,Tobias Myers,R,R,3.411,1.565
667297,Tommy Nance,R,R,3.656,1.677
677053,Andrew Nardi,L,L,3.467,1.589
665966,Carlos Narvaez,R,R,3.319,1.513
553882,Omar Narváez,L,R,3.34,1.61
680897,Nick Nastrini,R,R,3.49,1.601
647304,Josh Naylor,L,L,3.04,1.46
666310,Bo Naylor,L,R,3.21,1.53
680891,Jack Neely,R,R,3.688,1.747
669459,Kyle Nelson,L,L,3.411,1.565
656793,Nick Nelson,R,R,3.411,1.565
669194,Ryne Nelson,R,R,3.49,1.601
593576,Héctor Neris,R,R,3.467,1.589
687263,Zach Neto,R,R,3.2,1.49
663527,Tyler Nevin,R,R,3.56,1.64
656794,Sean Newcomb,L,L,3.575,1.681
621028,Kevin Newman,R,R,3.14,1.5
693312,Kyle Nicolas,R,R,3.549,1.627
621512,Tomás Nido,R,R,3.3,1.54
607043,Brandon Nimmo,L,R,3.52,1.7
657697,Vinny Nittoli,R,R,3.411,1.565
676116,Ryan Noda,L,L,3.34,1.58
678877,Jhonkensy Noel,R,R,3.44,1.68
605400,Aaron Nola,R,R,3.36,1.54
663457,Lars Nootbaar,L,R,3.46,1.69
681393,Connor Norby,R,R,3.46,1.64
673380,Dedniel Núñez,R,R,3.467,1.589
683083,Nasim Nuñez,S,R,3.23,1.45
676617,Riley O'Brien,R,R,3.549,1.627
656811,Ryan O'Hearn,L,L,3.43,1.63
681351,Logan O'Hoppe,R,R,3.23,1.55
672552,Jack O'Loughlin,L,L,3.575,1.681
641933,Tyler O'Neill,R,R,3.19,1.46
641927,Bailey Ober,R,R,3.82,1.665
660271,Shohei Ohtani,L,R,3.4,1.62
595345,Steven Okert,L,L,3.467,1.589
658668,Edward Olivares,R,R,3.64,1.72
670124,Adam Oller,R,R,3.549,1.627
621566,Matt Olson,L,R,3.42,1.75
681857,Reese Olson,R,R,3.411,1.565
680716,Jonathan Ornelas,R,R,3.75,1.77
672391,Kaleb Ort,R,R,3.549,1.627
542364,Rafael Ortega,L,R,3.36,1.57
687401,Joey Ortiz,R,R,3.33,1.46
682847,Luis L. Ortiz,R,R,3.467,1.589
656814,Luis F. Ortiz,R,R,3.49,1.601
679358,Eric Orze,R,R,3.549,1.627
671305,Michel Otañez,R,R,3.549,1.627
493603,Adam Ottavino,S,R,3.575,1.681
681546,James Outman,L,R,3.44,1.59
542303,Marcell Ozuna,R,R,3.52,1.72
665506,Cristian Pache,R,R,3.4,1.55
663978,Chris Paddack,R,R,3.47,1.7
641941,Emilio Pagán,L,R,3.467,1.589
681624,Andy Pages,R,R,3.52,1.64
686780,Pedro Pagés,R,R,3.17,1.53
641943,Joshua Palacios,L,R,3.54,1.74
680700,Richie Palacios,L,R,3.3,1.55
694037,Daniel Palencia,R,R,3.319,1.513
669467,Andre Pallante,R,R,3.371,1.535
660600,Enoli Paredes,R,R,3.319,1.513
670623,Isaac Paredes,R,R,3.27,1.58
677347,Kyren Paris,R,R,3.55,1.7
680730,Mitchell Parker,L,L,3.549,1.627
641149,Wes Parsons,R,R,3.575,1.681
686469,Vinnie Pasquantino,L,L,3.43,1.65
688363,Graham Pauley,L,R,3.58,1.69
572020,James Paxton,L,L,3.549,1.627
606303,Joel Payamps,R,R,3.467,1.589
663878,Nate Pearson,R,R,3.656,1.677
592626,Joc Pederson,L,L,3.54,1.71
665625,Elvis Peguero,R,R,3.575,1.681
678894,Liover Peguero,R,R,3.62,1.68
665161,Jeremy Peña,R,R,3.57,1.73
679156,Walter Pennington,L,L,3.467,1.589
683068,Zach Penrod,L,L,3.467,1.589
686752,Ryan Pepiot,R,R,3.49,1.601
642547,Freddy Peralta,R,R,3.28,1.55
678821,Luis Peralta,L,L,3.319,1.513
671111,Sammy Peralta,L,L,3.467,1.589
444482,David Peralta,L,L,3.51,1.69
593974,Wandy Peralta,L,L,3.371,1.535
672724,Oswald Peraza,R,R,3.16,1.46
672695,Geraldo Perdomo,S,R,3.5,1.65
640902,Jhonny Pereda,R,R,3.51,1.66
672335,Cionel Pérez,R,L,3.371,1.535
527048,Martín Pérez,L,L,3.371,1.535
521692,Salvador Perez,R,R,3.63,1.68
672761,Wenceel Pérez,S,R,3.14,1.47
663368,Blake Perkins,S,R,3.42,1.62
656848,Michael Petersen,R,R,3.756,1.746
656849,David Peterson,L,L,3.656,1.677
607054,Jace Peterson,L,R,3.4,1.56
694297,Brandon Pfaadt,R,R,3.549,1.627
502054,Tommy Pham,R,R,3.46,1.61
623465,Evan Phillips,R,R,3.467,1.589
663969,Tyler Phillips,R,R,3.575,1.681
607680,Kevin Pillar,R,R,3.28,1.57
666207,Riley Pint,R,R,3.575,1.681
650907,René Pinto,R,R,3.41,1.59
620982,Ricardo Pinto,R,R,3.371,1.535
601713,Nick Pivetta,R,R,3.575,1.681
668676,Zach Plesac,R,R,3.49,1.601
621363,Colin Poche,L,L,3.49,1.601
593871,Jorge Polanco,S,R,3.37,1.6
647315,Zach Pop,R,R,3.549,1.627
547001,Cody Poteet,R,R,3.411,1.565
700249,Cade Povich,L,L,3.49,1.601
668472,Nick Pratto,L,L,3.39,1.62
519151,Ryan Pressly,R,R,3.467,1.589
682990,Quinn Priester,R,R,3.49,1.601
595777,Jurickson Profar,S,R,3.29,1.58
643493,Austin Pruitt,R,R,3.301,1.504
640462,A.J. Puk,L,L,3.756,1.746
615698,Cal Quantrill,L,R,3.49,1.601
650671,José Quijada,L,L,3.319,1.513
500779,Jose Quintana,R,L,3.411,1.565
678882,Ceddanne Rafaela,R,R,3.41,1.58
666142,Cole Ragans,L,L,3.549,1.627
663432,Tanner Rainey,R,R,3.467,1.589
663728,Cal Raleigh,S,R,3.49,1.61
548384,Brooks Raley,L,L,3.49,1.601
670042,Luke Raley,L,R,3.36,1.52
642629,Emmanuel Ramirez,R,R,3.467,1.589
541640,Erasmo Ramírez,R,R,3.371,1.535
623912,Harold Ramírez,R,R,3.25,1.48
608070,José Ramírez,S,R,3.32,1.55
598286,Nick Ramirez,L,L,3.549,1.627
670990,Yohan Ramírez,R,R,3.549,1.627
682868,Bryan Ramos,R,R,3.37,1.63
671218,Heliot Ramos,R,R,3.15,1.48
656876,Drew Rasmussen,R,R,3.411,1.565
592662,Robbie Ray,L,L,3.467,1.589
607067,Colin Rea,R,R,3.575,1.681
592663,J.T. Realmuto,R,R,3.71,1.76
656883,Jakson Reetz,R,R,3.319,1.513
608701,Rob Refsnyder,R,R,3.56,1.63
656887,Sean Reid-Foley,R,R,3.49,1.601
621545,Zach Remillard,R,R,3.51,1.58
543685,Anthony Rendon,R,R,3.38,1.62
592669,Hunter Renfroe,R,R,3.41,1.63
650859,Luis Rengifo,S,R,3.16,1.44
622103,Gerardo Reyes,R,R,3.319,1.513
622569,Pablo Reyes,R,R,3.44,1.65
668804,Bryan Reynolds,S,R,3.18,1.56
669308,Sean Reynolds,L,R,3.76,1.75
687377,Orlando Ribalta,R,R,3.756,1.746
700250,Ben Rice,L,R,3.62,1.78
670950,Trevor Richards,R,R,3.467,1.589
680689,Lyon Richardson,S,R,3.467,1.589
663586,Austin Riley,R,R,3.45,1.61
621458,Edwin Ríos,L,R,3.19,1.47
660844,Leo Rivas,S,R,3.31,1.5
656896,Emmanuel Rivera,R,R,3.39,1.63
519203,Anthony Rizzo,L,L,3.59,1.77
642016,Daniel Robert,L,R,3.549,1.627
673357,Luis Robert Jr.,R,R,3.74,1.71
681799,Ethan Roberts,R,R,3.301,1.504
502085,David Robertson,R,R,3.319,1.513
687798,Nick Robertson,R,R,3.656,1.677
642020,Chuckie Robinson,R,R,3.44,1.67
645302,Victor Robles,R,R,3.08,1.43
677587,Brayan Rocchio,S,R,3.09,1.41
677958,Kumar Rocker,R,R,3.575,1.681
663898,Brendan Rodgers,R,R,3.38,1.58
607074,Carlos Rodón,L,L,3.467,1.589
692230,Carlos Rodriguez,R,R,3.371,1.535
593958,Eduardo Rodriguez,L,L,3.467,1.589
680570,Grayson Rodriguez,L,R,3.575,1.681
570257,Joely Rodríguez,L,L,3.411,1.565
671286,Johnathan Rodriguez,R,R,3.45,1.66
677594,Julio Rodríguez,R,R,3.37,1.55
655889,Manuel Rodríguez,R,R,3.319,1.513
678495,Randy Rodríguez,R,R,3.371,1.535
684320,Yariel Rodríguez,R,R,3.371,1.535
666720,Yerry Rodríguez,R,R,3.467,1.589
668670,Jake Rogers,R,R,3.31,1.52
642028,Josh Rogers,L,L,3.49,1.601
573124,Taylor Rogers,L,L,3.49,1.601
669432,Trevor Rogers,L,L,3.74,1.75
643511,Tyler Rogers,R,R,3.49,1.601
679032,Johan Rojas,R,R,3.47,1.65
668942,Josh Rojas,L,R,3.48,1.63
500743,Miguel Rojas,R,R,3.13,1.53
676896,Chris Roller,R,R,3.319,1.513
605447,Jordan Romano,R,R,3.575,1.681
668941,JoJo Romero,L,L,3.319,1.513
691011,Drew Romo,S,R,3.01,1.43
667670,Brent Rooker,R,R,3.59,1.7
666163,Ben Rortvedt,L,R,3.05,1.4
592696,Eddie Rosario,L,R,3.37,1.61
666703,Eguy Rosario,R,R,3.39,1.61
642708,Amed Rosario,R,R,3.41,1.6
670046,Kenny Rosenberg,L,L,3.411,1.565
605452,Joe Ross,R,R,3.58,1.62
694738,Landen Roupp,R,R,3.467,1.589
688297,Chris Roycroft,R,R,3.688,1.747
665923,Esteury Ruiz,R,R,3.29,1.58
614179,José Ruiz,R,R,3.411,1.565
660688,Keibert Ruiz,S,R,3.27,1.51
671131,Jackson Rutledge,R,R,3.688,1.747
668939,Adley Rutschman,S,R,3.41,1.66
657746,Joe Ryan,R,R,3.467,1.589
689981,River Ryan,R,R,3.467,1.589
656924,Ryder Ryan,R,R,3.467,1.589
685314,Andrew Saalfrank,L,L,3.49,1.601
666165,Blake Sabol,L,R,3.51,1.71
681870,Erik Sabrowski,R,L,3.549,1.627
695336,Thomas Saggese,R,R,3.48,1.64
663967,César Salazar,L,R,3.22,1.48
674285,Eduardo Salazar,R,R,3.467,1.589
519242,Chris Sale,L,L,3.656,1.677
676614,Bryan Sammons,L,L,3.549,1.627
645305,Ali Sánchez,R,R,3.33,1.47
650911,Cristopher Sánchez,L,L,3.411,1.565
596142,Gary Sánchez,R,R,3.36,1.58
660821,Jesús Sánchez,L,R,3.6,1.76
664350,Sixto Sánchez,R,R,3.371,1.535
680704,Nick Sandlin,R,R,3.319,1.513
663776,Patrick Sandoval,L,L,3.49,1.601
663485,Cole Sands,R,R,3.49,1.601
593934,Miguel Sanó,R,R,3.73,1.77
691594,Javier Sanoja,R,R,3.179,1.474
467793,Carlos Santana,S,R,3.44,1.74
642701,Dennis Santana,R,R,3.467,1.589
623993,Anthony Santander,S,R,3.3,1.6
663574,Tony Santillan,R,R,3.49,1.601
666619,Gregory Santos,R,R,3.467,1.589
642048,Tayler Saucedo,L,L,3.549,1.627
669422,Matt Sauer,R,R,3.549,1.627
622250,Josh Sborz,R,R,3.49,1.601
694384,Nolan Schanuel,L,R,3.52,1.72
453286,Max Scherzer,R,R,3.38,1.59
657376,Clarke Schmidt,R,R,3.411,1.565
669477,Casey Schmitt,R,R,3.31,1.59
682177,Daniel Schneemann,L,R,3.39,1.64
676914,Davis Schneider,R,R,2.99,1.48
670167,John Schreiber,R,R,3.467,1.589
680474,Max Schuemann,R,R,3.36,1.65
668845,Aaron Schunk,R,R,3.39,1.6
656941,Kyle Schwarber,L,R,3.24,1.5
680885,Spencer Schwellenbach,R,R,3.371,1.535
681035,Christian Scott,R,R,3.549,1.627
656945,Tanner Scott,R,L,3.371,1.535
605463,Tayler Scott,R,R,3.49,1.601
687363,Victor Scott II,L,L,3.28,1.53
608369,Corey Seager,L,R,3.45,1.51
676664,JP Sears,R,L,3.319,1.513
681882,Colin Selby,R,R,3.467,1.589
543760,Marcus Semien,R,R,3.38,1.67
673540,Kodai Senga,L,R,3.411,1.565
622608,Antonio Senzatela,R,R,3.38,1.57
669222,Nick Senzel,R,R,3.22,1.52
661531,Brian Serven,R,R,3.5,1.65
622663,Luis Severino,R,R,3.467,1.589
623149,Paul Sewald,R,R,3.49,1.601
543766,Bryan Shaw,S,R,3.411,1.565
657757,Gavin Sheets,L,L,3.3,1.64
668853,Austin Shenton,L,R,3.48,1.63
669699,Braden Shewmake,L,R,3.55,1.62
670097,Zack Short,R,R,3.31,1.54
592741,Chasen Shreve,L,L,3.549,1.627
663767,Chase Shugart,L,R,3.301,1.504
694363,Jared Shuster,L,L,3.49,1.601
672279,Michael Siani,L,L,3.34,1.58
681217,Chase Silseth,R,R,3.371,1.535
608371,Lucas Sims,R,R,3.467,1.589
663903,Brady Singer,R,R,3.575,1.681
572138,Jon Singleton,L,L,3.27,1.59
642350,Jose Siri,R,R,3.49,1.64
694973,Paul Skenes,R,R,3.656,1.677
669373,Tarik Skubal,R,L,3.49,1.601
686580,Justin Slaten,R,R,3.549,1.627
596103,Austin Slater,R,R,3.34,1.64
622098,Drew Smith,R,R,3.467,1.589
572143,Burch Smith,R,R,3.549,1.627
671922,Cade Smith,R,R,3.575,1.681
642086,Dominic Smith,L,L,3.23,1.53
669701,Josh Smith,L,R,3.1,1.49
675656,Kevin Smith,R,R,3.4,1.58
656976,Pavin Smith,L,L,3.43,1.58
669257,Will Smith,R,R,3.26,1.51
519293,Will Smith,R,L,3.575,1.681
700363,AJ Smith-Shawver,R,R,3.49,1.601
592767,Drew Smyly,L,L,3.6,1.66
669912,Kirby Snead,L,L,3.411,1.565
605483,Blake Snell,L,L,3.77,1.74
676092,Collin Snider,R,R,3.549,1.627
691016,Tyler Soderstrom,L,R,3.42,1.6
686765,Nick Sogard,S,R,3.07,1.41
456781,Donovan Solano,R,R,3.12,1.47
624585,Jorge Soler,R,R,3.56,1.72
666277,George Soriano,R,R,3.467,1.589
667755,José Soriano,R,R,3.49,1.601
647336,Michael Soroka,R,R,3.575,1.681
624641,Edmundo Sosa,R,R,3.54,1.69
672820,Lenyn Sosa,R,R,3.28,1.55
642397,Gregory Soto,L,L,3.411,1.565
665742,Juan Soto,L,L,3.11,1.55
670869,Livan Soto,L,R,3.37,1.54
666208,Alex Speas,R,R,3.49,1.601
642100,Gabe Speier,L,L,3.319,1.513
687765,Mitch Spence,R,R,3.411,1.565
686730,Carson Spiers,R,R,3.49,1.601
543807,George Springer,R,R,3.68,1.65
605488,Jeffrey Springs,L,L,3.49,1.601
607732,Jacob Stallings,R,R,3.31,1.57
592773,Ryne Stanek,R,R,3.549,1.627
519317,Giancarlo Stanton,R,R,3.75,1.79
622251,Josh Staumont,R,R,3.49,1.601
657006,Justin Steele,L,L,3.467,1.589
668715,Spencer Steer,R,R,3.31,1.58
683021,Michael Stefanic,R,R,3.29,1.54
623451,Jackson Stephens,R,R,3.467,1.589
663886,Tyler Stephenson,R,R,3.15,1.49
686993,Justin Sterner,R,R,3.411,1.565
670276,Cal Stevenson,L,L,3.13,1.4
592779,Brock Stewart,L,R,3.49,1.601
621466,DJ Stewart,L,R,3.15,1.49
694813,Gavin Stone,R,R,3.411,1.565
596115,Trevor Story,R,R,3.42,1.63
681082,Bryson Stott,L,R,3.32,1.61
669065,Kyle Stowers,L,L,3.6,1.74
621381,Matt Strahm,R,L,3.467,1.589
608717,Chris Stratton,R,R,3.467,1.589
676702,Hunter Stratton,R,R,3.549,1.627
664702,Myles Straw,R,R,3.37,1.59
519326,Hunter Strickland,R,R,3.49,1.601
675911,Spencer Strider,R,R,3.371,1.535
548389,Ross Stripling,R,R,3.411,1.565
573186,Marcus Stroman,R,R,3.38,1.56
657265,Peter Strzelecki,R,R,3.467,1.589
596117,Garrett Stubbs,L,R,2.95,1.39
544150,Albert Suárez,R,R,3.49,1.601
553993,Eugenio Suárez,R,R,3.45,1.58
660761,José Suarez,L,L,3.301,1.504
624133,Ranger Suárez,L,L,3.411,1.565
663158,Robert Suarez,R,R,3.467,1.589
593833,Wander Suero,R,R,3.549,1.627
664954,Brett Sullivan,L,R,3.31,1.66
642121,Cole Sulser,R,R,3.411,1.565
608718,Brent Suter,L,L,3.549,1.627
669261,Jack Suwinski,L,L,3.62,1.65
673548,Seiya Suzuki,R,R,3.18,1.43
657024,Erik Swanson,R,R,3.49,1.601
621020,Dansby Swanson,R,R,3.63,1.74
700242,Trey Sweeney,L,R,3.62,1.68
592791,Jameson Taillon,R,R,3.575,1.681
622253,Dillon Tate,R,R,3.467,1.589
665487,Fernando Tatis Jr.,R,R,3.77,1.79
643565,Mike Tauchman,L,L,3.61,1.69
665750,Leody Taveras,S,R,3.69,1.8
621035,Chris Taylor,R,R,3.58,1.7
572191,Michael A. Taylor,R,R,3.47,1.61
669392,Samad Taylor,R,R,3.27,1.48
700187,Troy Taylor,R,R,3.371,1.535
621438,Tyrone Taylor,R,R,3.3,1.56
527054,Julio Teheran,R,R,3.467,1.589
642133,Rowdy Tellez,L,L,3.55,1.66
677588,José Tena,L,R,3.36,1.59
678906,Kai-Wei Teng,R,R,3.549,1.627
669326,Bryce Teodosio,R,L,3.49,1.601
642136,Matt Thaiss,L,R,3.34,1.56
573204,Caleb Thielbar,R,L,3.371,1.535
677950,Alek Thomas,L,L,3.28,1.48
657041,Lane Thomas,R,R,3.06,1.43
624522,Keegan Thompson,R,R,3.411,1.565
669352,Bubba Thompson,R,R,3.41,1.49
657044,Ryan Thompson,R,R,3.575,1.681
668868,Zack Thompson,L,L,3.467,1.589
663423,Trent Thornton,R,R,3.371,1.535
689672,Drew Thorpe,L,R,3.549,1.627
622786,Jesus Tinoco,R,R,3.549,1.627
669911,Michael Toglia,S,L,3.68,1.78
543859,Michael Tonkin,R,R,3.756,1.746
623437,Justin Topa,R,R,3.549,1.627
679529,Spencer Torkelson,R,R,3.44,1.58
647351,Abraham Toro,S,R,3.34,1.66
620443,Luis Torrens,R,R,3.39,1.53
650402,Gleyber Torres,R,R,3.21,1.54
657053,Touki Toussaint,R,R,3.49,1.601
678662,Ezequiel Tovar,R,R,3.09,1.41
666211,Taylor Trammell,L,L,3.63,1.72
595014,Blake Treinen,R,R,3.575,1.681
676701,Alan Trejo,R,R,3.41,1.64
624431,Jose Trevino,R,R,3.13,1.51
669707,Jared Triolo,R,R,3.51,1.63
644433,Chadwick Tromp,R,R,3.4,1.62
545361,Mike Trout,R,R,3.49,1.6
657061,Cole Tucker,S,R,3.55,1.66
663656,Kyle Tucker,L,R,3.47,1.67
668930,Brice Turang,L,R,3.35,1.59
605513,Spencer Turnbull,R,R,3.49,1.601
457759,Justin Turner,R,R,3.47,1.6
607208,Trea Turner,R,R,3.43,1.69
667725,Kyle Tyler,R,R,3.371,1.535
670955,Edwin Uceta,R,R,3.371,1.535
570632,José Ureña,R,R,3.467,1.589
649966,Luis Urías,R,R,3.31,1.59
602104,Ramón Urías,R,R,3.17,1.54
682842,Abner Uribe,R,R,3.49,1.601
570482,Gio Urshela,R,R,3.38,1.59
683822,Naoyuki Uwasawa,R,R,3.411,1.565
665839,Enmanuel Valdez,L,R,3.18,1.59
664285,Framber Valdez,R,L,3.32,1.51
676568,Ricky Vanasco,R,R,3.49,1.601
545121,Ildemaro Vargas,S,R,3.32,1.51
678246,Miguel Vargas,R,R,3.27,1.55
681402,Gus Varland,L,R,3.411,1.565
686973,Louie Varland,L,R,3.411,1.565
662139,Daulton Varsho,L,R,3.37,1.58
681190,Randy Vásquez,R,R,3.371,1.535
683734,Andrew Vaughn,R,R,3.17,1.49
543877,Christian Vázquez,R,R,3.26,1.57
676679,Luis Vazquez,R,R,3.371,1.535
676369,Nelson Velázquez,R,R,3.51,1.74
685107,Anthony Veneziano,L,L,3.575,1.681
657077,Alex Verdugo,L,L,3.43,1.56
434378,Justin Verlander,R,R,3.575,1.681
681911,Alex Vesia,L,L,3.411,1.565
663989,Nick Vespi,L,L,3.49,1.601
676684,Will Vest,R,R,3.371,1.535
600986,Thyago Vieira,R,R,3.49,1.601
668901,Mark Vientos,R,R,3.62,1.7
663837,Matt Vierling,R,R,3.45,1.69
668723,Ryan Vilade,R,R,3.42,1.6
681871,Eli Villalobos,R,R,3.549,1.627
681584,David Villar,R,R,3.48,1.69
670241,Darius Vines,R,R,3.411,1.565
680767,Victor Vodnik,R,R,3.371,1.535
596129,Daniel Vogelbach,L,R,3.34,1.64
683011,Anthony Volpe,R,R,3.4,1.64
613564,Jason Vosler,L,R,3.3,1.52
608723,Austin Voth,R,R,3.467,1.589
608379,Michael Wacha,R,R,3.656,1.677
664774,LaMonte Wade Jr.,L,L,3.23,1.6
642180,Tyler Wade,L,R,3.21,1.55
676572,Eric Wagaman,R,R,3.57,1.63
695238,Will Wagner,L,R,3.22,1.5
621097,Jacob Waguespack,R,R,3.656,1.677
694462,Hurston Waldrep,R,R,3.467,1.589
663362,Matt Waldron,R,R,3.467,1.589
572233,Christian Walker,R,R,3.42,1.53
691023,Jordan Walker,R,R,3.8,1.84
677020,Josh Walker,L,L,3.656,1.677
676254,Ryan Walker,R,R,3.467,1.589
592836,Taijuan Walker,R,R,3.56,1.65
657088,Forrest Wall,L,R,3.42,1.51
670242,Matt Wallner,L,R,3.67,1.81
670764,Taylor Walls,S,R,3.39,1.55
665120,Jared Walsh,L,L,3.52,1.59
686796,Blake Walston,L,L,3.575,1.681
689958,Andrew Walters,R,R,3.549,1.627
622268,Donovan Walton,L,R,3.21,1.58
681806,Andrew Wantz,R,R,3.549,1.627
621493,Taylor Ward,R,R,3.38,1.63
681810,Austin Warren,R,R,3.371,1.535
701542,Will Warren,R,R,3.467,1.589
671221,Drew Waters,S,R,3.49,1.66
677960,Ryan Weathers,R,L,3.411,1.565
596133,Luke Weaver,R,R,3.467,1.589
657097,Jacob Webb,R,R,3.467,1.589
657277,Logan Webb,R,R,3.41,1.58
607179,Jordan Weems,L,R,3.549,1.627
669711,Greg Weissert,R,R,3.467,1.589
669224,Austin Wells,L,R,3.36,1.61
669330,Tyler Wells,R,R,3.688,1.747
621563,Joey Wendle,L,R,3.19,1.57
673995,Davis Wendzel,R,R,3.31,1.51
666214,Joey Wentz,L,L,3.575,1.681
669713,Hayden Wesneski,R,R,3.49,1.601
642197,Jamie Westbrook,R,R,3.36,1.52
676059,Jordan Westburg,R,R,3.5,1.64
554430,Zack Wheeler,L,R,3.61,1.76
694376,Shay Whitcomb,R,R,3.24,1.56
642201,Eli White,R,R,3.58,1.69
669952,Mitch White,R,R,3.49,1.601
669391,Owen White,R,R,3.49,1.601
666215,Forrest Whitley,R,R,3.756,1.746
676477,Garrett Whitlock,R,R,3.575,1.681
696136,Jordan Wicks,L,L,3.49,1.601
686894,Joey Wiemer,R,R,3.33,1.55
675961,Alika Williams,R,R,3.49,1.57
642207,Devin Williams,R,R,3.467,1.589
668909,Gavin Williams,L,R,3.656,1.677
663897,Luke Williams,R,R,3.26,1.56
592866,Trevor Williams,R,R,3.17,1.55
682227,Brandon Williamson,R,L,3.656,1.677
686294,Amos Willingham,R,R,3.549,1.627
669060,Bryse Wilson,R,R,3.55,1.66
805779,Jacob Wilson,R,R,3.2,1.56
458677,Justin Wilson,L,L,3.467,1.589
621051,Steven Wilson,R,R,3.49,1.601
642215,Weston Wilson,R,R,3.62,1.64
642216,Allan Winans,R,R,3.467,1.589
670174,Josh Winckowski,R,R,3.549,1.627
680739,Josh Winder,R,R,3.575,1.681
622259,Trey Wingenter,R,R,3.756,1.746
608385,Jesse Winker,L,L,3.4,1.6
668390,Cole Winn,R,R,3.467,1.589
676775,Keaton Winn,R,R,3.549,1.627
691026,Masyn Winn,R,R,3.49,1.65
621550,Patrick Wisdom,R,R,3.37,1.58
689172,Brett Wisely,L,R,3.37,1.57
677951,Bobby Witt Jr.,R,R,3.47,1.61
657136,Connor Wong,R,R,3.35,1.45
693433,Bryan Woo,R,R,3.467,1.589
695578,James Wood,L,R,3.78,1.73
622072,Alex Wood,R,L,3.67,1.64
663765,Jake Woodford,R,R,3.549,1.627
680573,Simeon Woods Richardson,R,R,3.49,1.601
680736,Justin Wrobleski,L,L,3.411,1.565
642851,Austin Wynns,R,R,3.51,1.61
808967,Yoshinobu Yamamoto,R,R,3.301,1.504
687066,Eric Yang,R,R,3.319,1.513
642232,Ryan Yarbrough,R,L,3.575,1.681
573262,Mike Yastrzemski,L,L,3.38,1.63
489446,Kirby Yates,L,R,3.301,1.504
592885,Christian Yelich,L,R,3.35,1.73
660766,Juan Yepez,R,R,3.36,1.65
694377,Nick Yorke,R,R,3.59,1.66
807799,Masataka Yoshida,L,R,3.17,1.37
622065,Alex Young,L,L,3.49,1.601
664849,Danny Young,L,L,3.49,1.601
696285,Jacob Young,R,R,3.32,1.5
642239,Rob Zastryzny,R,L,3.49,1.601
664874,Seby Zavala,R,R,3.2,1.43
666171,Ryan Zeferjahn,R,R,3.575,1.681
672582,Angel Zerpa,L,L,3.371,1.535
676604,Tyler Zuber,R,R,3.319,1.513
691172,Yosver Zulueta,R,R,3.411,1.565
670871,Guillo Zuñiga,R,R,3.575,1.681
